{"stats":{"minecraft:crafted":{"minecraft:wooden_sword":2,"minecraft:oak_boat":1,"minecraft:oak_planks":24,"minecraft:crafting_table":2,"minecraft:stick":6,"minecraft:wooden_axe":2,"minecraft:jungle_planks":12},"minecraft:killed_by":{"minecraft:zombie":1},"minecraft:picked_up":{"minecraft:cocoa_beans":12,"minecraft:stick":5,"minecraft:crafting_table":2,"minecraft:lilac":13,"minecraft:jungle_log":5,"minecraft:leather":2,"minecraft:porkchop":2,"minecraft:sand":1,"minecraft:oak_log":12,"minecraft:dirt":17,"minecraft:rotten_flesh":2,"minecraft:wheat_seeds":3,"minecraft:beef":3,"minecraft:oak_boat":2,"minecraft:jungle_sapling":1,"minecraft:bamboo":6,"minecraft:oak_sapling":1,"minecraft:melon_slice":73,"minecraft:egg":5},"minecraft:used":{"minecraft:wooden_axe":26,"minecraft:melon_slice":41,"minecraft:wooden_sword":21,"minecraft:crafting_table":3,"minecraft:jungle_planks":5,"minecraft:oak_boat":2},"minecraft:killed":{"minecraft:zombie":2,"minecraft:pig":1,"minecraft:cow":1},"minecraft:mined":{"minecraft:lilac":13,"minecraft:jungle_leaves":13,"minecraft:crafting_table":2,"minecraft:grass":10,"minecraft:grass_block":1,"minecraft:oak_log":12,"minecraft:melon":15,"minecraft:vine":4,"minecraft:cocoa":4,"minecraft:jungle_log":5,"minecraft:sand":1,"minecraft:oak_leaves":5,"minecraft:fern":9},"minecraft:custom":{"minecraft:time_since_rest":490,"minecraft:sprint_one_cm":129823,"minecraft:damage_taken":1095,"minecraft:walk_one_cm":90878,"minecraft:mob_kills":4,"minecraft:damage_dealt":796,"minecraft:swim_one_cm":41446,"minecraft:interact_with_crafting_table":10,"minecraft:fly_one_cm":74214,"minecraft:crouch_one_cm":1289,"minecraft:play_time":33357,"minecraft:deaths":2,"minecraft:sneak_time":173,"minecraft:walk_under_water_one_cm":3333,"minecraft:boat_one_cm":56394,"minecraft:jump":604,"minecraft:leave_game":1,"minecraft:walk_on_water_one_cm":10936,"minecraft:time_since_death":0,"minecraft:climb_one_cm":7072,"minecraft:total_world_time":33357,"minecraft:fall_one_cm":14641}},"DataVersion":3465}