{"stats":{"minecraft:crafted":{"minecraft:oak_planks":8,"minecraft:cooked_chicken":11,"minecraft:furnace":4,"minecraft:bone_meal":21,"minecraft:cooked_mutton":10,"minecraft:iron_boots":1,"minecraft:iron_axe":2,"minecraft:melon_seeds":9,"minecraft:ladder":54,"minecraft:iron_hoe":1,"minecraft:stone_pickaxe":1,"minecraft:chest":8,"minecraft:birch_door":9,"minecraft:cooked_beef":3,"minecraft:wooden_shovel":1,"minecraft:cooked_porkchop":14,"minecraft:crafting_table":4,"minecraft:jungle_boat":1,"minecraft:iron_helmet":1,"minecraft:iron_sword":1,"minecraft:bucket":4,"minecraft:birch_planks":500,"minecraft:stone_axe":3,"minecraft:air":0,"minecraft:jungle_planks":300,"minecraft:iron_chestplate":1,"minecraft:shield":1,"minecraft:stick":212,"minecraft:iron_ingot":120,"minecraft:iron_pickaxe":2,"minecraft:iron_shovel":1,"minecraft:iron_leggings":1,"minecraft:white_bed":1,"minecraft:torch":32,"minecraft:shears":1},"minecraft:dropped":{"minecraft:wheat_seeds":5,"minecraft:chest_minecart":1,"minecraft:jungle_planks":1,"minecraft:dirt":1,"minecraft:melon_slice":56,"minecraft:jungle_sapling":1,"minecraft:white_wool":3,"minecraft:bucket":2,"minecraft:stone_axe":1,"minecraft:iron_nugget":4,"minecraft:rotten_flesh":4,"minecraft:salmon":1,"minecraft:poppy":1,"minecraft:jungle_log":11,"minecraft:ladder":26,"minecraft:wooden_shovel":1,"minecraft:bow":1,"minecraft:stone_pickaxe":1,"minecraft:black_wool":1},"minecraft:picked_up":{"minecraft:birch_door":7,"minecraft:cocoa_beans":3,"minecraft:crafting_table":7,"minecraft:iron_chestplate":3,"minecraft:chicken":16,"minecraft:ladder":61,"minecraft:chest_minecart":1,"minecraft:shield":1,"minecraft:string":59,"minecraft:iron_axe":3,"minecraft:iron_leggings":3,"minecraft:bucket":7,"minecraft:beef":8,"minecraft:jungle_sapling":3,"minecraft:poppy":3,"minecraft:iron_pickaxe":3,"minecraft:melon_slice":290,"minecraft:chest":1,"minecraft:birch_sapling":16,"minecraft:egg":13,"minecraft:iron_boots":3,"minecraft:furnace":3,"minecraft:stick":144,"minecraft:raw_iron":150,"minecraft:copper_ingot":2,"minecraft:oak_fence":2,"minecraft:torch":73,"minecraft:porkchop":17,"minecraft:diorite":11,"minecraft:rotten_flesh":111,"minecraft:arrow":21,"minecraft:shears":1,"minecraft:mutton":10,"minecraft:white_wool":24,"minecraft:rail":26,"minecraft:cobblestone":221,"minecraft:nautilus_shell":1,"minecraft:birch_log":147,"minecraft:jungle_boat":1,"minecraft:feather":24,"minecraft:cooked_beef":3,"minecraft:water_bucket":1,"minecraft:jungle_log":86,"minecraft:andesite":18,"minecraft:salmon":3,"minecraft:leather":2,"minecraft:birch_planks":150,"minecraft:oak_log":2,"minecraft:gunpowder":7,"minecraft:lapis_lazuli":88,"minecraft:dirt":348,"minecraft:cooked_mutton":10,"minecraft:bone":27,"minecraft:bow":3,"minecraft:wheat_seeds":10,"minecraft:iron_ingot":15,"minecraft:stone_pickaxe":2,"minecraft:cooked_chicken":7,"minecraft:glowstone_dust":1,"minecraft:bamboo":10,"minecraft:oak_planks":10,"minecraft:iron_sword":3,"minecraft:cooked_porkchop":5,"minecraft:lava_bucket":2,"minecraft:jungle_planks":35,"minecraft:ink_sac":2,"minecraft:white_bed":2,"minecraft:spider_eye":2,"minecraft:iron_hoe":1,"minecraft:iron_helmet":3,"minecraft:granite":23,"minecraft:grass":1,"minecraft:bread":3,"minecraft:oak_sapling":3,"minecraft:black_wool":1,"minecraft:coal":155},"minecraft:used":{"minecraft:iron_shovel":257,"minecraft:poppy":1,"minecraft:ladder":75,"minecraft:shield":4,"minecraft:chest":9,"minecraft:iron_sword":225,"minecraft:wooden_shovel":19,"minecraft:rotten_flesh":7,"minecraft:cooked_chicken":5,"minecraft:torch":15,"minecraft:dirt":360,"minecraft:jungle_planks":276,"minecraft:granite":22,"minecraft:birch_door":6,"minecraft:iron_hoe":9,"minecraft:lava_bucket":2,"minecraft:iron_axe":282,"minecraft:iron_helmet":1,"minecraft:iron_boots":1,"minecraft:melon_seeds":9,"minecraft:bow":7,"minecraft:furnace":7,"minecraft:egg":13,"minecraft:cooked_beef":3,"minecraft:cobbled_deepslate":16,"minecraft:cooked_mutton":6,"minecraft:water_bucket":6,"minecraft:diorite":9,"minecraft:birch_planks":344,"minecraft:stone_pickaxe":93,"minecraft:jungle_boat":1,"minecraft:white_wool":7,"minecraft:crafting_table":10,"minecraft:white_bed":3,"minecraft:shears":1,"minecraft:melon_slice":131,"minecraft:iron_pickaxe":381,"minecraft:stone_axe":280,"minecraft:cobblestone":61,"minecraft:cooked_porkchop":11,"minecraft:bucket":7,"minecraft:andesite":14,"minecraft:bone_meal":21},"minecraft:killed":{"minecraft:cave_spider":2,"minecraft:witch":1,"minecraft:spider":5,"minecraft:skeleton":11,"minecraft:chicken":16,"minecraft:drowned":12,"minecraft:pig":6,"minecraft:salmon":1,"minecraft:creeper":3,"minecraft:sheep":7,"minecraft:zombie":32,"minecraft:cow":4},"minecraft:broken":{"minecraft:iron_shovel":1,"minecraft:iron_axe":1,"minecraft:stone_axe":2,"minecraft:iron_sword":1,"minecraft:iron_pickaxe":1},"minecraft:mined":{"minecraft:white_bed":2,"minecraft:jungle_leaves":19,"minecraft:granite":23,"minecraft:ladder":47,"minecraft:grass_block":254,"minecraft:jungle_planks":33,"minecraft:jungle_log":87,"minecraft:spawner":1,"minecraft:tall_seagrass":2,"minecraft:furnace":3,"minecraft:iron_ore":142,"minecraft:andesite":16,"minecraft:vine":13,"minecraft:bamboo":1,"minecraft:stone":107,"minecraft:white_wool":5,"minecraft:crafting_table":6,"minecraft:melon":39,"minecraft:chest":1,"minecraft:cobblestone":28,"minecraft:lapis_ore":7,"minecraft:oak_planks":1,"minecraft:diorite":11,"minecraft:seagrass":1,"minecraft:birch_planks":94,"minecraft:birch_log":141,"minecraft:birch_leaves":7,"minecraft:birch_door":2,"minecraft:grass":21,"minecraft:oak_log":1,"minecraft:coal_ore":130,"minecraft:cocoa":1,"minecraft:dirt":57,"minecraft:cobweb":26,"minecraft:oak_leaves":14,"minecraft:fern":12},"minecraft:custom":{"minecraft:mob_kills":101,"minecraft:interact_with_crafting_table":38,"minecraft:leave_game":1,"minecraft:time_since_death":14594,"minecraft:climb_one_cm":42408,"minecraft:sprint_one_cm":530790,"minecraft:walk_one_cm":478462,"minecraft:damage_blocked_by_shield":197,"minecraft:drop":22,"minecraft:play_time":237878,"minecraft:deaths":3,"minecraft:sneak_time":14452,"minecraft:walk_under_water_one_cm":46696,"minecraft:boat_one_cm":38938,"minecraft:jump":3053,"minecraft:walk_on_water_one_cm":56810,"minecraft:total_world_time":237878,"minecraft:interact_with_furnace":38,"minecraft:interact_with_stonecutter":1,"minecraft:sleep_in_bed":2,"minecraft:time_since_rest":14636,"minecraft:damage_taken":4493,"minecraft:damage_dealt":14547,"minecraft:player_kills":1,"minecraft:swim_one_cm":161397,"minecraft:fly_one_cm":435270,"minecraft:open_chest":58,"minecraft:crouch_one_cm":57486,"minecraft:fall_one_cm":64066}},"DataVersion":3465}