{"stats":{"minecraft:killed":{"minecraft:cave_spider":2,"minecraft:witch":1,"minecraft:spider":7,"minecraft:skeleton":11,"minecraft:chicken":16,"minecraft:drowned":12,"minecraft:pig":6,"minecraft:salmon":1,"minecraft:creeper":3,"minecraft:sheep":7,"minecraft:zombie":38,"minecraft:cow":4},"minecraft:picked_up":{"minecraft:crafting_table":7,"minecraft:cocoa_beans":3,"minecraft:iron_chestplate":3,"minecraft:birch_door":7,"minecraft:chicken":16,"minecraft:ladder":61,"minecraft:chest_minecart":1,"minecraft:birch_button":2,"minecraft:shield":1,"minecraft:string":62,"minecraft:raw_copper":46,"minecraft:iron_axe":3,"minecraft:iron_leggings":3,"minecraft:bucket":7,"minecraft:beef":8,"minecraft:jungle_sapling":3,"minecraft:poppy":5,"minecraft:iron_pickaxe":3,"minecraft:melon_slice":328,"minecraft:chest":3,"minecraft:birch_sapling":21,"minecraft:furnace":3,"minecraft:egg":13,"minecraft:iron_boots":3,"minecraft:stick":149,"minecraft:raw_iron":156,"minecraft:sandstone":26,"minecraft:copper_ingot":2,"minecraft:oak_fence":2,"minecraft:torch":94,"minecraft:porkchop":17,"minecraft:diorite":11,"minecraft:rotten_flesh":113,"minecraft:arrow":21,"minecraft:shears":1,"minecraft:mutton":10,"minecraft:rail":26,"minecraft:white_wool":24,"minecraft:cobblestone":354,"minecraft:nautilus_shell":1,"minecraft:birch_log":202,"minecraft:jungle_boat":1,"minecraft:feather":24,"minecraft:cooked_beef":3,"minecraft:water_bucket":1,"minecraft:andesite":43,"minecraft:salmon":3,"minecraft:jungle_log":86,"minecraft:leather":2,"minecraft:birch_planks":151,"minecraft:oak_log":2,"minecraft:gunpowder":7,"minecraft:lapis_lazuli":88,"minecraft:dirt":2326,"minecraft:cooked_mutton":10,"minecraft:bone":27,"minecraft:bow":3,"minecraft:wheat_seeds":13,"minecraft:stone_pickaxe":2,"minecraft:iron_ingot":15,"minecraft:cooked_chicken":7,"minecraft:glowstone_dust":1,"minecraft:bamboo":10,"minecraft:iron_sword":3,"minecraft:oak_planks":10,"minecraft:cooked_porkchop":5,"minecraft:lava_bucket":2,"minecraft:sand":351,"minecraft:jungle_planks":35,"minecraft:ink_sac":2,"minecraft:white_bed":2,"minecraft:spider_eye":2,"minecraft:iron_hoe":1,"minecraft:iron_helmet":3,"minecraft:granite":23,"minecraft:grass":1,"minecraft:bread":3,"minecraft:oak_sapling":3,"minecraft:black_wool":1,"minecraft:coal":179},"minecraft:broken":{"minecraft:iron_shovel":10,"minecraft:iron_axe":1,"minecraft:stone_axe":2,"minecraft:iron_sword":1,"minecraft:iron_pickaxe":2},"minecraft:dropped":{"minecraft:wheat_seeds":5,"minecraft:chest_minecart":1,"minecraft:jungle_planks":1,"minecraft:dirt":1,"minecraft:melon_slice":56,"minecraft:jungle_sapling":1,"minecraft:bucket":2,"minecraft:white_wool":3,"minecraft:stone_axe":1,"minecraft:iron_nugget":4,"minecraft:rotten_flesh":4,"minecraft:salmon":1,"minecraft:poppy":1,"minecraft:jungle_log":11,"minecraft:wooden_shovel":1,"minecraft:ladder":26,"minecraft:birch_button":2,"minecraft:bow":1,"minecraft:stone_pickaxe":1,"minecraft:black_wool":1},"minecraft:used":{"minecraft:iron_shovel":2513,"minecraft:ladder":75,"minecraft:poppy":1,"minecraft:chest":9,"minecraft:shield":5,"minecraft:iron_sword":257,"minecraft:cooked_chicken":5,"minecraft:wooden_shovel":19,"minecraft:rotten_flesh":7,"minecraft:torch":58,"minecraft:dirt":360,"minecraft:jungle_planks":276,"minecraft:granite":22,"minecraft:birch_door":6,"minecraft:iron_hoe":9,"minecraft:lava_bucket":4,"minecraft:iron_axe":348,"minecraft:iron_helmet":1,"minecraft:iron_boots":1,"minecraft:melon_seeds":9,"minecraft:bow":7,"minecraft:furnace":7,"minecraft:egg":13,"minecraft:cooked_beef":3,"minecraft:cobbled_deepslate":18,"minecraft:cooked_mutton":10,"minecraft:water_bucket":14,"minecraft:diorite":9,"minecraft:birch_planks":344,"minecraft:stone_pickaxe":93,"minecraft:jungle_boat":1,"minecraft:white_wool":7,"minecraft:crafting_table":10,"minecraft:white_bed":3,"minecraft:shears":1,"minecraft:bread":1,"minecraft:melon_slice":133,"minecraft:iron_pickaxe":624,"minecraft:stone_axe":280,"minecraft:cobblestone":123,"minecraft:cooked_porkchop":13,"minecraft:andesite":24,"minecraft:bucket":18,"minecraft:birch_log":15,"minecraft:bone_meal":21},"minecraft:mined":{"minecraft:white_bed":2,"minecraft:jungle_leaves":19,"minecraft:ladder":47,"minecraft:granite":23,"minecraft:grass_block":1180,"minecraft:jungle_planks":33,"minecraft:jungle_log":87,"minecraft:sandstone":26,"minecraft:spawner":1,"minecraft:tall_seagrass":3,"minecraft:furnace":3,"minecraft:iron_ore":148,"minecraft:andesite":40,"minecraft:vine":13,"minecraft:dirt_path":1,"minecraft:bamboo":1,"minecraft:stone":216,"minecraft:white_wool":5,"minecraft:crafting_table":6,"minecraft:torch":20,"minecraft:melon":46,"minecraft:chest":3,"minecraft:copper_ore":15,"minecraft:cobblestone":62,"minecraft:lapis_ore":7,"minecraft:oak_planks":1,"minecraft:diorite":11,"minecraft:seagrass":1,"minecraft:birch_planks":95,"minecraft:birch_log":196,"minecraft:birch_leaves":7,"minecraft:birch_door":2,"minecraft:grass":24,"minecraft:oak_log":1,"minecraft:coal_ore":154,"minecraft:cocoa":1,"minecraft:gravel":1,"minecraft:sand":306,"minecraft:dirt":1102,"minecraft:cobweb":26,"minecraft:oak_leaves":14,"minecraft:fern":12},"minecraft:custom":{"minecraft:mob_kills":109,"minecraft:interact_with_crafting_table":43,"minecraft:leave_game":3,"minecraft:time_since_death":92811,"minecraft:climb_one_cm":43572,"minecraft:sprint_one_cm":661310,"minecraft:walk_one_cm":712321,"minecraft:damage_blocked_by_shield":377,"minecraft:drop":23,"minecraft:play_time":316095,"minecraft:sneak_time":15458,"minecraft:deaths":3,"minecraft:walk_under_water_one_cm":64204,"minecraft:boat_one_cm":38938,"minecraft:jump":3584,"minecraft:walk_on_water_one_cm":66133,"minecraft:total_world_time":316095,"minecraft:interact_with_furnace":38,"minecraft:interact_with_stonecutter":1,"minecraft:sleep_in_bed":2,"minecraft:time_since_rest":92853,"minecraft:damage_taken":4805,"minecraft:damage_dealt":15976,"minecraft:player_kills":1,"minecraft:swim_one_cm":169252,"minecraft:fly_one_cm":617150,"minecraft:open_chest":92,"minecraft:crouch_one_cm":57753,"minecraft:fall_one_cm":70693},"minecraft:crafted":{"minecraft:oak_planks":8,"minecraft:cooked_chicken":11,"minecraft:furnace":4,"minecraft:bone_meal":21,"minecraft:cooked_mutton":10,"minecraft:iron_boots":1,"minecraft:iron_axe":2,"minecraft:melon_seeds":9,"minecraft:ladder":54,"minecraft:iron_hoe":1,"minecraft:stone_pickaxe":1,"minecraft:chest":8,"minecraft:birch_door":9,"minecraft:birch_button":2,"minecraft:cooked_beef":3,"minecraft:wooden_shovel":1,"minecraft:cooked_porkchop":14,"minecraft:crafting_table":4,"minecraft:jungle_boat":1,"minecraft:iron_helmet":1,"minecraft:iron_sword":2,"minecraft:birch_planks":500,"minecraft:bucket":4,"minecraft:stone_axe":3,"minecraft:air":0,"minecraft:jungle_planks":300,"minecraft:iron_chestplate":1,"minecraft:shield":1,"minecraft:stick":228,"minecraft:iron_ingot":120,"minecraft:iron_pickaxe":4,"minecraft:iron_shovel":10,"minecraft:iron_leggings":1,"minecraft:white_bed":1,"minecraft:torch":32,"minecraft:shears":1}},"DataVersion":3465}