{"stats":{"minecraft:dropped":{"minecraft:jungle_log":11},"minecraft:picked_up":{"minecraft:jungle_log":11},"minecraft:mined":{"minecraft:jungle_leaves":3,"minecraft:vine":2,"minecraft:jungle_log":11},"minecraft:custom":{"minecraft:jump":38,"minecraft:time_since_rest":3664,"minecraft:damage_dealt":18,"minecraft:leave_game":1,"minecraft:damage_taken":25,"minecraft:sprint_one_cm":4059,"minecraft:play_time":3664,"minecraft:time_since_death":3664,"minecraft:walk_one_cm":8168,"minecraft:climb_one_cm":292,"minecraft:total_world_time":3664,"minecraft:drop":1,"minecraft:fall_one_cm":1163,"minecraft:fly_one_cm":3843}},"DataVersion":3465}