{"stats":{"minecraft:picked_up":{"minecraft:oak_log":1,"minecraft:stick":2,"minecraft:bamboo":6,"minecraft:jungle_log":15,"minecraft:dirt":1},"minecraft:mined":{"minecraft:bamboo":1,"minecraft:oak_log":1,"minecraft:grass_block":1,"minecraft:jungle_leaves":5,"minecraft:jungle_log":4},"minecraft:custom":{"minecraft:jump":26,"minecraft:time_since_rest":2319,"minecraft:sprint_one_cm":3481,"minecraft:play_time":2319,"minecraft:time_since_death":2319,"minecraft:walk_one_cm":5585,"minecraft:total_world_time":2319,"minecraft:fall_one_cm":209,"minecraft:fly_one_cm":1849}},"DataVersion":3465}