{"stats":{"minecraft:crafted":{"minecraft:oak_planks":36,"minecraft:oak_sign":9,"minecraft:cooked_chicken":6,"minecraft:furnace":6,"minecraft:stone":141,"minecraft:cooked_mutton":3,"minecraft:glass_pane":80,"minecraft:glass":37,"minecraft:stone_brick_slab":276,"minecraft:iron_axe":1,"minecraft:stone_pickaxe":3,"minecraft:chest":8,"minecraft:wooden_shovel":1,"minecraft:crafting_table":8,"minecraft:jungle_boat":1,"minecraft:wooden_pickaxe":1,"minecraft:cooked_salmon":3,"minecraft:bucket":6,"minecraft:birch_planks":148,"minecraft:stone_axe":1,"minecraft:jungle_planks":88,"minecraft:stick":40,"minecraft:iron_ingot":25,"minecraft:iron_pickaxe":1,"minecraft:wooden_axe":1,"minecraft:iron_shovel":2,"minecraft:stonecutter":1,"minecraft:white_bed":1,"minecraft:torch":68},"minecraft:dropped":{"minecraft:cobblestone":15,"minecraft:melon_slice":2,"minecraft:jungle_sapling":3,"minecraft:iron_axe":1,"minecraft:iron_pickaxe":1,"minecraft:stone_brick_slab":1},"minecraft:killed_by":{"minecraft:player":1,"minecraft:zombie":1},"minecraft:picked_up":{"minecraft:crafting_table":5,"minecraft:iron_chestplate":2,"minecraft:chicken":2,"minecraft:clay_ball":4,"minecraft:shield":2,"minecraft:string":2,"minecraft:iron_axe":5,"minecraft:iron_leggings":2,"minecraft:iron_shovel":2,"minecraft:oak_sign":1,"minecraft:beef":19,"minecraft:jungle_sapling":6,"minecraft:poppy":2,"minecraft:iron_pickaxe":5,"minecraft:light_gray_wool":1,"minecraft:melon_slice":155,"minecraft:birch_sapling":2,"minecraft:furnace":2,"minecraft:iron_boots":2,"minecraft:egg":4,"minecraft:raw_iron":81,"minecraft:stick":45,"minecraft:oak_fence":1,"minecraft:torch":51,"minecraft:porkchop":1,"minecraft:arrow":3,"minecraft:rotten_flesh":10,"minecraft:glow_berries":1,"minecraft:mutton":10,"minecraft:rail":2,"minecraft:white_wool":10,"minecraft:cobblestone":181,"minecraft:birch_log":37,"minecraft:feather":2,"minecraft:jungle_log":22,"minecraft:glow_ink_sac":8,"minecraft:salmon":3,"minecraft:andesite":2,"minecraft:leather":2,"minecraft:birch_planks":18,"minecraft:oak_log":9,"minecraft:dirt":139,"minecraft:name_tag":1,"minecraft:cooked_mutton":3,"minecraft:glass":7,"minecraft:bone":2,"minecraft:wheat_seeds":8,"minecraft:raw_gold":5,"minecraft:iron_ingot":71,"minecraft:bamboo":6,"minecraft:oak_planks":34,"minecraft:stone_brick_slab":41,"minecraft:gravel":2,"minecraft:sand":38,"minecraft:white_bed":1,"minecraft:spider_eye":1,"minecraft:diamond":3,"minecraft:stone_axe":1,"minecraft:iron_helmet":2,"minecraft:oak_sapling":1,"minecraft:melon_seeds":7,"minecraft:coal":148},"minecraft:used":{"minecraft:iron_shovel":31,"minecraft:oak_sign":9,"minecraft:chest":8,"minecraft:wooden_shovel":7,"minecraft:cooked_salmon":3,"minecraft:torch":99,"minecraft:dirt":56,"minecraft:jungle_planks":2,"minecraft:stone_brick_slab":286,"minecraft:wooden_axe":2,"minecraft:iron_axe":98,"minecraft:furnace":6,"minecraft:cooked_mutton":2,"minecraft:water_bucket":10,"minecraft:stone_pickaxe":84,"minecraft:wooden_pickaxe":12,"minecraft:stonecutter":1,"minecraft:jungle_boat":1,"minecraft:crafting_table":11,"minecraft:white_bed":2,"minecraft:melon_slice":81,"minecraft:iron_pickaxe":294,"minecraft:stone_axe":107,"minecraft:cobblestone":38,"minecraft:bucket":15,"minecraft:glass_pane":74},"minecraft:killed":{"minecraft:spider":1,"minecraft:skeleton":1,"minecraft:chicken":2,"minecraft:pig":2,"minecraft:salmon":3,"minecraft:creeper":1,"minecraft:sheep":6,"minecraft:zombie":11,"minecraft:cow":1},"minecraft:mined":{"minecraft:white_bed":1,"minecraft:jungle_leaves":8,"minecraft:cave_vines_plant":1,"minecraft:grass_block":21,"minecraft:jungle_log":11,"minecraft:oak_wall_sign":1,"minecraft:furnace":2,"minecraft:iron_ore":67,"minecraft:andesite":2,"minecraft:cave_vines":2,"minecraft:vine":6,"minecraft:rail":1,"minecraft:bamboo":1,"minecraft:stone":131,"minecraft:white_wool":2,"minecraft:glass_pane":3,"minecraft:stone_brick_slab":22,"minecraft:crafting_table":4,"minecraft:clay":1,"minecraft:torch":6,"minecraft:melon":17,"minecraft:cobblestone":78,"minecraft:wall_torch":14,"minecraft:birch_planks":1,"minecraft:birch_log":37,"minecraft:birch_leaves":2,"minecraft:grass":7,"minecraft:coal_ore":60,"minecraft:oak_log":9,"minecraft:sand":36,"minecraft:dirt":65,"minecraft:gold_ore":5,"minecraft:oak_leaves":14,"minecraft:fern":1},"minecraft:custom":{"minecraft:mob_kills":29,"minecraft:interact_with_crafting_table":33,"minecraft:leave_game":2,"minecraft:time_since_death":8881,"minecraft:climb_one_cm":50853,"minecraft:sprint_one_cm":233194,"minecraft:walk_one_cm":355413,"minecraft:drop":7,"minecraft:play_time":155297,"minecraft:deaths":2,"minecraft:sneak_time":7893,"minecraft:walk_under_water_one_cm":36153,"minecraft:boat_one_cm":85072,"minecraft:jump":1601,"minecraft:walk_on_water_one_cm":59267,"minecraft:total_world_time":155297,"minecraft:interact_with_furnace":52,"minecraft:interact_with_stonecutter":8,"minecraft:sleep_in_bed":1,"minecraft:time_since_rest":8932,"minecraft:damage_taken":2012,"minecraft:damage_dealt":3413,"minecraft:swim_one_cm":14700,"minecraft:fly_one_cm":164743,"minecraft:open_chest":36,"minecraft:crouch_one_cm":15676,"minecraft:fall_one_cm":33917}},"DataVersion":3465}