{"stats":{"minecraft:broken":{"minecraft:iron_axe":1,"minecraft:iron_pickaxe":1},"minecraft:custom":{"minecraft:mob_kills":32,"minecraft:interact_with_crafting_table":37,"minecraft:leave_game":3,"minecraft:time_since_death":6304,"minecraft:climb_one_cm":60694,"minecraft:sprint_one_cm":280738,"minecraft:walk_one_cm":399056,"minecraft:drop":7,"minecraft:play_time":175085,"minecraft:deaths":3,"minecraft:sneak_time":7893,"minecraft:walk_under_water_one_cm":36153,"minecraft:boat_one_cm":85072,"minecraft:jump":1816,"minecraft:walk_on_water_one_cm":59689,"minecraft:total_world_time":175085,"minecraft:interact_with_furnace":57,"minecraft:interact_with_stonecutter":8,"minecraft:sleep_in_bed":1,"minecraft:time_since_rest":6401,"minecraft:damage_taken":2402,"minecraft:damage_dealt":3850,"minecraft:swim_one_cm":14700,"minecraft:fly_one_cm":190110,"minecraft:open_chest":46,"minecraft:crouch_one_cm":15676,"minecraft:fall_one_cm":37640},"minecraft:mined":{"minecraft:white_bed":1,"minecraft:jungle_leaves":8,"minecraft:cave_vines_plant":1,"minecraft:grass_block":21,"minecraft:jungle_log":39,"minecraft:oak_wall_sign":1,"minecraft:furnace":2,"minecraft:iron_ore":69,"minecraft:andesite":16,"minecraft:cave_vines":2,"minecraft:vine":20,"minecraft:rail":1,"minecraft:bamboo":1,"minecraft:stone":155,"minecraft:white_wool":2,"minecraft:glass_pane":3,"minecraft:stone_brick_slab":22,"minecraft:crafting_table":4,"minecraft:clay":1,"minecraft:torch":6,"minecraft:melon":37,"minecraft:cobblestone":78,"minecraft:wall_torch":14,"minecraft:birch_planks":1,"minecraft:birch_log":37,"minecraft:birch_leaves":2,"minecraft:grass":11,"minecraft:oak_log":9,"minecraft:coal_ore":104,"minecraft:sand":36,"minecraft:dirt":65,"minecraft:gold_ore":5,"minecraft:oak_leaves":15,"minecraft:fern":6},"minecraft:picked_up":{"minecraft:iron_chestplate":3,"minecraft:crafting_table":6,"minecraft:chicken":2,"minecraft:clay_ball":4,"minecraft:shield":3,"minecraft:string":2,"minecraft:iron_axe":7,"minecraft:iron_leggings":3,"minecraft:iron_shovel":4,"minecraft:oak_sign":1,"minecraft:beef":21,"minecraft:jungle_sapling":6,"minecraft:poppy":2,"minecraft:iron_pickaxe":8,"minecraft:light_gray_wool":1,"minecraft:melon_slice":330,"minecraft:birch_sapling":2,"minecraft:egg":4,"minecraft:iron_boots":3,"minecraft:furnace":2,"minecraft:stick":87,"minecraft:raw_iron":83,"minecraft:oak_fence":1,"minecraft:torch":109,"minecraft:porkchop":7,"minecraft:arrow":3,"minecraft:rotten_flesh":17,"minecraft:glow_berries":1,"minecraft:mutton":10,"minecraft:rail":2,"minecraft:white_wool":10,"minecraft:cobblestone":211,"minecraft:birch_log":37,"minecraft:feather":2,"minecraft:cooked_beef":8,"minecraft:water_bucket":1,"minecraft:salmon":3,"minecraft:glow_ink_sac":8,"minecraft:andesite":16,"minecraft:jungle_log":50,"minecraft:leather":2,"minecraft:birch_planks":18,"minecraft:oak_log":9,"minecraft:dirt":139,"minecraft:name_tag":1,"minecraft:cooked_mutton":4,"minecraft:bone":2,"minecraft:glass":7,"minecraft:wheat_seeds":8,"minecraft:raw_gold":5,"minecraft:iron_ingot":71,"minecraft:bamboo":6,"minecraft:oak_planks":34,"minecraft:stone_brick_slab":41,"minecraft:gravel":2,"minecraft:jungle_planks":64,"minecraft:sand":38,"minecraft:white_bed":1,"minecraft:spider_eye":1,"minecraft:diamond":3,"minecraft:stone_axe":1,"minecraft:iron_helmet":3,"minecraft:oak_sapling":2,"minecraft:melon_seeds":7,"minecraft:coal":216},"minecraft:killed_by":{"minecraft:player":1,"minecraft:zombie":2},"minecraft:used":{"minecraft:iron_shovel":31,"minecraft:oak_sign":9,"minecraft:chest":8,"minecraft:wooden_shovel":7,"minecraft:cooked_salmon":3,"minecraft:torch":107,"minecraft:dirt":56,"minecraft:jungle_planks":3,"minecraft:stone_brick_slab":286,"minecraft:wooden_axe":2,"minecraft:iron_axe":186,"minecraft:furnace":6,"minecraft:cooked_mutton":2,"minecraft:water_bucket":10,"minecraft:stone_pickaxe":84,"minecraft:wooden_pickaxe":12,"minecraft:stonecutter":1,"minecraft:jungle_boat":1,"minecraft:crafting_table":11,"minecraft:white_bed":2,"minecraft:melon_slice":90,"minecraft:iron_pickaxe":380,"minecraft:stone_axe":107,"minecraft:cobblestone":38,"minecraft:bucket":16,"minecraft:glass_pane":74},"minecraft:killed":{"minecraft:spider":1,"minecraft:skeleton":1,"minecraft:chicken":2,"minecraft:pig":3,"minecraft:salmon":3,"minecraft:creeper":1,"minecraft:sheep":6,"minecraft:zombie":12,"minecraft:cow":2},"minecraft:dropped":{"minecraft:cobblestone":15,"minecraft:melon_slice":2,"minecraft:jungle_sapling":3,"minecraft:iron_axe":1,"minecraft:iron_pickaxe":1,"minecraft:stone_brick_slab":1},"minecraft:crafted":{"minecraft:oak_planks":36,"minecraft:oak_sign":9,"minecraft:cooked_chicken":6,"minecraft:furnace":6,"minecraft:stone":141,"minecraft:cooked_mutton":3,"minecraft:glass_pane":80,"minecraft:glass":37,"minecraft:stone_brick_slab":276,"minecraft:iron_axe":2,"minecraft:stone_pickaxe":3,"minecraft:chest":8,"minecraft:cooked_beef":8,"minecraft:wooden_shovel":1,"minecraft:crafting_table":8,"minecraft:jungle_boat":1,"minecraft:wooden_pickaxe":1,"minecraft:cooked_salmon":3,"minecraft:bucket":7,"minecraft:birch_planks":148,"minecraft:stone_axe":1,"minecraft:jungle_planks":176,"minecraft:stick":88,"minecraft:iron_ingot":89,"minecraft:iron_pickaxe":3,"minecraft:wooden_axe":1,"minecraft:iron_shovel":2,"minecraft:stonecutter":1,"minecraft:white_bed":1,"minecraft:torch":128}},"DataVersion":3465}